{
  "ccwms": {
    "frc1247": 6.892376232684628, 
    "frc1307": -6.862015332462304, 
    "frc131": 3.901039970495716, 
    "frc133": 13.579678762128749, 
    "frc1512": 14.672954409564976, 
    "frc166": 11.535987836566749, 
    "frc172": 6.894375051810002, 
    "frc1831": 2.9388930636265886, 
    "frc238": 18.543043913421627, 
    "frc246": -15.468978683412084, 
    "frc2648": 1.6441116983880075, 
    "frc2713": -7.4261248620004086, 
    "frc319": -2.0323832984089227, 
    "frc3451": -0.10878085329987641, 
    "frc4473": -5.116500320764323, 
    "frc4546": -5.666856621116818, 
    "frc4564": 8.854279352111003, 
    "frc4761": -11.323096248103358, 
    "frc4906": 5.640358622468073, 
    "frc4925": -1.7341815529065054, 
    "frc509": 14.011590503483648, 
    "frc5265": -3.9717433379924136, 
    "frc5459": -1.0919373302523219, 
    "frc5494": 5.645255243631501, 
    "frc5687": -1.27843223364352, 
    "frc58": 2.2902221897738313, 
    "frc5902": -0.8462873703975635, 
    "frc6153": -1.4776774152000418, 
    "frc6161": -9.270335247632163, 
    "frc6324": -6.839080292209166, 
    "frc6329": 14.24112310425869, 
    "frc663": -3.2296231434021756, 
    "frc6690": -9.199354733252976, 
    "frc6762": -8.93416933784048, 
    "frc7314": 5.476673121854601, 
    "frc7674": 7.493143575517719, 
    "frc7913": -1.548974747706124, 
    "frc8023": -9.016555981463721, 
    "frc8046": 12.641040226223325, 
    "frc8410": -11.894021068371547
  }, 
  "dprs": {
    "frc1247": 14.860005893058492, 
    "frc1307": 9.247572501997261, 
    "frc131": 23.21396119002234, 
    "frc133": 35.15511841847468, 
    "frc1512": 10.490787852607468, 
    "frc166": 22.87686801952619, 
    "frc172": 14.799742734861589, 
    "frc1831": 9.71888501061094, 
    "frc238": 10.01537632900774, 
    "frc246": 13.322175788075306, 
    "frc2648": 20.580234420380343, 
    "frc2713": 25.511784552086624, 
    "frc319": 26.024878304611356, 
    "frc3451": 17.815866745248194, 
    "frc4473": 25.053036855962862, 
    "frc4546": 25.714537197330344, 
    "frc4564": 14.003660711683786, 
    "frc4761": 15.646789602794929, 
    "frc4906": 28.859235660888295, 
    "frc4925": 11.918965924104505, 
    "frc509": 10.55670706549877, 
    "frc5265": 20.11927661380616, 
    "frc5459": 23.67826948528927, 
    "frc5494": 17.88249151779309, 
    "frc5687": 30.182189333008612, 
    "frc58": 18.602261549008894, 
    "frc5902": 34.61429476272576, 
    "frc6153": 12.613812081770988, 
    "frc6161": 13.045724236537216, 
    "frc6324": 13.50922672755196, 
    "frc6329": 11.095085110822664, 
    "frc663": 21.525693196384086, 
    "frc6690": 25.296328002506673, 
    "frc6762": 12.878076706821115, 
    "frc7314": 13.676110499801553, 
    "frc7674": 17.341278771382086, 
    "frc7913": 29.938415304911885, 
    "frc8023": 21.191225961757368, 
    "frc8046": 6.667748304875424, 
    "frc8410": 30.47876029819999
  }, 
  "oprs": {
    "frc1247": 11.087173421624943, 
    "frc1307": 4.913834195159097, 
    "frc131": 33.664983567595634, 
    "frc133": 52.122136620855485, 
    "frc1512": 14.159583733992907, 
    "frc166": 30.268649536309038, 
    "frc172": 30.529190068709823, 
    "frc1831": 11.19422832242251, 
    "frc238": 42.00358573604535, 
    "frc246": 4.986727182945373, 
    "frc2648": 20.645628787385064, 
    "frc2713": 22.46424423061344, 
    "frc319": 26.83490909989307, 
    "frc3451": 18.976889303080622, 
    "frc4473": 14.900102164932278, 
    "frc4546": 9.065842256283958, 
    "frc4564": 36.84310581087153, 
    "frc4761": 15.15621277905559, 
    "frc4906": 24.72731981522967, 
    "frc4925": 3.151350653876804, 
    "frc509": 22.85562696330699, 
    "frc5265": 4.036092980363189, 
    "frc5459": 22.985151018268397, 
    "frc5494": 14.574205195145268, 
    "frc5687": 36.59330227941136, 
    "frc58": 37.41308078166017, 
    "frc5902": 9.170846758059824, 
    "frc6153": 9.712916687859032, 
    "frc6161": 1.7809000438998392, 
    "frc6324": 11.004474827965224, 
    "frc6329": 39.50963857939682, 
    "frc663": 20.01087629634904, 
    "frc6690": 15.094497729648026, 
    "frc6762": 4.765157788945869, 
    "frc7314": 5.200334962925368, 
    "frc7674": 22.214701153488015, 
    "frc7913": 10.147330678821405, 
    "frc8023": 9.226256118656316, 
    "frc8046": 23.237436498365092, 
    "frc8410": 13.452831030186568
  }
}
