{
  "ccwms": {
    "frc1058": -3.834983076077017, 
    "frc1100": -8.865622152282866, 
    "frc1153": 13.792349398046003, 
    "frc121": 3.3242830143709194, 
    "frc138": 5.782947084779395, 
    "frc157": -0.7141593770375567, 
    "frc173": 2.0994819507366227, 
    "frc1735": -4.303187280284349, 
    "frc1768": 3.174859303976579, 
    "frc190": -5.45826245873731, 
    "frc2067": 10.238333658945063, 
    "frc2079": -4.198181730222745, 
    "frc2168": 15.160877281976536, 
    "frc2262": 2.5189416501081934, 
    "frc230": 17.205211101798085, 
    "frc2712": -5.114088952186035, 
    "frc2876": -12.91945612139285, 
    "frc3205": -12.984061455908469, 
    "frc3461": 9.224153332959734, 
    "frc3467": 16.737107844112693, 
    "frc4034": -12.551975736139372, 
    "frc4048": -1.087758133501902, 
    "frc4097": -11.00278350065302, 
    "frc4169": -5.845524918842871, 
    "frc5112": -4.319088476049113, 
    "frc5422": 7.654242633439609, 
    "frc6333": 2.1836977612875237, 
    "frc6620": 0.7938174847553415, 
    "frc6731": 1.579014518532042, 
    "frc716": -4.142518078455012, 
    "frc7760": -7.8168341714999805, 
    "frc78": 9.691645661488744, 
    "frc811": 4.527717228933027, 
    "frc8410": -16.14832846797612, 
    "frc8544": -2.735328988131314, 
    "frc8709": -3.5897147425404077, 
    "frc8724": -1.1401564256609162
  }, 
  "dprs": {
    "frc1058": 23.96461332149421, 
    "frc1100": 25.643319015919815, 
    "frc1153": 14.757304160849552, 
    "frc121": 20.076716170187105, 
    "frc138": 20.048285103742185, 
    "frc157": 15.265641987525445, 
    "frc173": 15.880417788811423, 
    "frc1735": 13.317619778157736, 
    "frc1768": 23.223414636592743, 
    "frc190": 19.022768336102928, 
    "frc2067": 16.922693139656754, 
    "frc2079": 18.739027432337675, 
    "frc2168": 21.402577577612732, 
    "frc2262": 17.275002296012612, 
    "frc230": 11.355718528758985, 
    "frc2712": 19.06985548404321, 
    "frc2876": 26.87277314547291, 
    "frc3205": 22.848347968457315, 
    "frc3461": 24.82141103978108, 
    "frc3467": 13.798731692741724, 
    "frc4034": 23.3247873574813, 
    "frc4048": 17.696462235156616, 
    "frc4097": 25.670633413955994, 
    "frc4169": 26.643416448900393, 
    "frc5112": 9.35384778378456, 
    "frc5422": 19.113566352490434, 
    "frc6333": 22.606675037018544, 
    "frc6620": 22.39214923279954, 
    "frc6731": 14.888512493412188, 
    "frc716": 13.88287502766847, 
    "frc7760": 17.58707922014824, 
    "frc78": 12.511456452770327, 
    "frc811": 20.067905215020314, 
    "frc8410": 29.26981990063947, 
    "frc8544": 24.432960293519333, 
    "frc8709": 13.914390575173076, 
    "frc8724": 19.92055768913551
  }, 
  "oprs": {
    "frc1058": 19.435163531651508, 
    "frc1100": 16.382431044681265, 
    "frc1153": 34.97942349044014, 
    "frc121": 15.773966455487356, 
    "frc138": 26.306024171931263, 
    "frc157": 18.398595600175074, 
    "frc173": 18.30598693060459, 
    "frc1735": 9.75775643376135, 
    "frc1768": 29.835898291562064, 
    "frc190": 10.683200730538655, 
    "frc2067": 29.01442989363269, 
    "frc2079": 6.80078225212684, 
    "frc2168": 46.092453838763085, 
    "frc2262": 26.067735448734435, 
    "frc230": 52.901410026910824, 
    "frc2712": 18.260463240819984, 
    "frc2876": 10.813456736719791, 
    "frc3205": 11.162521790881565, 
    "frc3461": 24.30379676196188, 
    "frc3467": 35.77055405929963, 
    "frc4034": 1.3761604399964973, 
    "frc4048": 18.97281178628046, 
    "frc4097": 14.432864187487924, 
    "frc4169": 15.899934201267607, 
    "frc5112": 12.441839014218885, 
    "frc5422": 19.480245307732712, 
    "frc6333": 20.59200632605694, 
    "frc6620": 12.650410433207078, 
    "frc6731": 6.632111989582959, 
    "frc716": 16.998304563525974, 
    "frc7760": 0.0023009405964751727, 
    "frc78": 27.870813785518326, 
    "frc811": 14.136087253596656, 
    "frc8410": 7.702112172949807, 
    "frc8544": 17.408681966810455, 
    "frc8709": 22.461244424146525, 
    "frc8724": 27.479353809673725
  }
}
